Review,Sentiment,Score,Polarity
"Iphone 12 to iphone 16 pro amazing upgrade ‚ù§Ô∏è
I love thie phone
Overall the beast ‚ù§Ô∏è",Positive,0.9939046502113342,0.3666666666666667
"Awesome and superb!
Upgraded from iPhone 12 to 16pro after 4 years. Display is awesome and bigger , the bezel is much slimmer , dedicated camera control feature with swipe feature and changes of exposure is superb and quick. Lighter weight even. Overall an excellent one . Definitely can go for it ü´∂üëçü§ç",Positive,0.9993382096290588,0.5533333333333333
"Loved it best in the market . You should go for it
Thanks",Positive,0.9998525381088256,0.6333333333333333
Perfect genuine product it was my first time ordering such an expensive phone and it came out perfect it been 3months using this phone and it's working perfectly fine in all aspects. It was gift to my husband and he really loved it. Must buy if you are planning to buy apple prod,Positive,0.9998093247413636,0.4083333333333333
Awesome iPhone. Good upgrade from iPhone 13. Love the 4K 120.,Positive,0.9997324347496032,0.7333333333333334
"I was having iPhone XR from 5yrs , i exchanged it with this demon üòà , I got very good exchange bonus and the 16pro is very good for night clicks , 48 mp dslr like pictures, performance is also very good , battery will come around 1 day compare to my old xr mobile.",Positive,0.9989187717437744,0.7074999999999999
Overall best flagship phone in the market..highly recommended,Positive,0.9997599720954896,0.5
No words for this phoneüñ§üñ§üñ§üñ§,Neutral,0.9992361068725586,0.0
"Awesome colour and good performance. So small and lightweight handy to use after using heavy pro max series , using it feels like a charm. No heating issues like the 15 pro series.",Positive,0.999439775943756,0.37
Best quality in all segment,Positive,0.9997593760490416,1.0
Best product i will upgrade from 15 to 16 pro Nice Colour very light weight ü§©,Positive,0.9669677019119264,0.7066666666666667
Elegance meets powerüòç,Neutral,0.9998207688331604,0.0
Upgraded from iPhone 13 to 16pro. Loved it,Positive,0.9997043013572692,0.7
Super and powerful phone. Awesome. Preciously i have used Iphone 14 pro max but this is far way better.,Positive,0.9988957643508912,0.45555555555555555
"üì± iPhone 16 Pro: A Refined Flagship Experience,",Neutral,0.9991764426231384,0.0
Osm product,Neutral,0.9867383241653442,0.0
Awesome! Loved it.,Positive,0.9998818635940552,0.85
Upgraded From 13 to 16 Pro. Phone is overall amazing!,Positive,0.9998431205749512,0.37500000000000006
King of smartphones,Neutral,0.9981245398521424,0.0
"Suberp phone ....
I upgraded from iphone 13 to 16 pro.
Camera - 5‚≠ê
Speed - 5‚≠ê
Battery - 5 ‚≠ê",Neutral,0.9755735993385316,0.0
"Iphone 12 to iphone 16 pro amazing upgrade ‚ù§Ô∏è
I love thie phone
Overall the beast ‚ù§Ô∏è",Positive,0.9939046502113342,0.3666666666666667
"Awesome and superb!
Upgraded from iPhone 12 to 16pro after 4 years. Display is awesome and bigger , the bezel is much slimmer , dedicated camera control feature with swipe feature and changes of exposure is superb and quick. Lighter weight even. Overall an excellent one . Definitely can go for it ü´∂üëçü§ç",Positive,0.9993382096290588,0.5533333333333333
"Loved it best in the market . You should go for it
Thanks",Positive,0.9998525381088256,0.6333333333333333
Perfect genuine product it was my first time ordering such an expensive phone and it came out perfect it been 3months using this phone and it's working perfectly fine in all aspects. It was gift to my husband and he really loved it. Must buy if you are planning to buy apple prod,Positive,0.9998093247413636,0.4083333333333333
Awesome iPhone. Good upgrade from iPhone 13. Love the 4K 120.,Positive,0.9997324347496032,0.7333333333333334
"I was having iPhone XR from 5yrs , i exchanged it with this demon üòà , I got very good exchange bonus and the 16pro is very good for night clicks , 48 mp dslr like pictures, performance is also very good , battery will come around 1 day compare to my old xr mobile.",Positive,0.9989187717437744,0.7074999999999999
Overall best flagship phone in the market..highly recommended,Positive,0.9997599720954896,0.5
No words for this phoneüñ§üñ§üñ§üñ§,Neutral,0.9992361068725586,0.0
"Awesome colour and good performance. So small and lightweight handy to use after using heavy pro max series , using it feels like a charm. No heating issues like the 15 pro series.",Positive,0.999439775943756,0.37
Best quality in all segment,Positive,0.9997593760490416,1.0
Best product i will upgrade from 15 to 16 pro Nice Colour very light weight ü§©,Positive,0.9669677019119264,0.7066666666666667
Elegance meets powerüòç,Neutral,0.9998207688331604,0.0
Upgraded from iPhone 13 to 16pro. Loved it,Positive,0.9997043013572692,0.7
Super and powerful phone. Awesome. Preciously i have used Iphone 14 pro max but this is far way better.,Positive,0.9988957643508912,0.45555555555555555
"üì± iPhone 16 Pro: A Refined Flagship Experience,",Neutral,0.9991764426231384,0.0
Osm product,Neutral,0.9867383241653442,0.0
Awesome! Loved it.,Positive,0.9998818635940552,0.85
Upgraded From 13 to 16 Pro. Phone is overall amazing!,Positive,0.9998431205749512,0.37500000000000006
King of smartphones,Neutral,0.9981245398521424,0.0
"Suberp phone ....
I upgraded from iphone 13 to 16 pro.
Camera - 5‚≠ê
Speed - 5‚≠ê
Battery - 5 ‚≠ê",Neutral,0.9755735993385316,0.0
