Review,Sentiment
"Iphone 12 to iphone 16 pro amazing upgrade ‚ù§Ô∏è
I love thie phone
Overall the beast ‚ù§Ô∏è",POSITIVE
"Awesome and superb!
Upgraded from iPhone 12 to 16pro after 4 years. Display is awesome and bigger , the bezel is much slimmer , dedicated camera control feature with swipe feature and changes of exposure is superb and quick. Lighter weight even. Overall an excellent one . Definitely can go for it ü´∂üëçü§ç",POSITIVE
"Loved it best in the market . You should go for it
Thanks",POSITIVE
Perfect genuine product it was my first time ordering such an expensive phone and it came out perfect it been 3months using this phone and it's working perfectly fine in all aspects. It was gift to my husband and he really loved it. Must buy if you are planning to buy apple prod,POSITIVE
Awesome iPhone. Good upgrade from iPhone 13. Love the 4K 120.,POSITIVE
"I was having iPhone XR from 5yrs , i exchanged it with this demon üòà , I got very good exchange bonus and the 16pro is very good for night clicks , 48 mp dslr like pictures, performance is also very good , battery will come around 1 day compare to my old xr mobile.",POSITIVE
Overall best flagship phone in the market..highly recommended,POSITIVE
No words for this phoneüñ§üñ§üñ§üñ§,NEGATIVE
"Awesome colour and good performance. So small and lightweight handy to use after using heavy pro max series , using it feels like a charm. No heating issues like the 15 pro series.",POSITIVE
Best quality in all segment,POSITIVE
Best product i will upgrade from 15 to 16 pro Nice Colour very light weight ü§©,POSITIVE
Elegance meets powerüòç,POSITIVE
Upgraded from iPhone 13 to 16pro. Loved it,POSITIVE
Super and powerful phone. Awesome. Preciously i have used Iphone 14 pro max but this is far way better.,POSITIVE
"üì± iPhone 16 Pro: A Refined Flagship Experience,",POSITIVE
Osm product,NEUTRAL
Awesome! Loved it.,POSITIVE
Upgraded From 13 to 16 Pro. Phone is overall amazing!,POSITIVE
King of smartphones,NEUTRAL
"Suberp phone ....
I upgraded from iphone 13 to 16 pro.
Camera - 5‚≠ê
Speed - 5‚≠ê
Battery - 5 ‚≠ê",NEUTRAL
"Iphone 12 to iphone 16 pro amazing upgrade ‚ù§Ô∏è
I love thie phone
Overall the beast ‚ù§Ô∏è",POSITIVE
"Awesome and superb!
Upgraded from iPhone 12 to 16pro after 4 years. Display is awesome and bigger , the bezel is much slimmer , dedicated camera control feature with swipe feature and changes of exposure is superb and quick. Lighter weight even. Overall an excellent one . Definitely can go for it ü´∂üëçü§ç",POSITIVE
"Loved it best in the market . You should go for it
Thanks",POSITIVE
Perfect genuine product it was my first time ordering such an expensive phone and it came out perfect it been 3months using this phone and it's working perfectly fine in all aspects. It was gift to my husband and he really loved it. Must buy if you are planning to buy apple prod,POSITIVE
Awesome iPhone. Good upgrade from iPhone 13. Love the 4K 120.,POSITIVE
"I was having iPhone XR from 5yrs , i exchanged it with this demon üòà , I got very good exchange bonus and the 16pro is very good for night clicks , 48 mp dslr like pictures, performance is also very good , battery will come around 1 day compare to my old xr mobile.",POSITIVE
Overall best flagship phone in the market..highly recommended,POSITIVE
No words for this phoneüñ§üñ§üñ§üñ§,NEGATIVE
"Awesome colour and good performance. So small and lightweight handy to use after using heavy pro max series , using it feels like a charm. No heating issues like the 15 pro series.",POSITIVE
Best quality in all segment,POSITIVE
Best product i will upgrade from 15 to 16 pro Nice Colour very light weight ü§©,POSITIVE
Elegance meets powerüòç,POSITIVE
Upgraded from iPhone 13 to 16pro. Loved it,POSITIVE
Super and powerful phone. Awesome. Preciously i have used Iphone 14 pro max but this is far way better.,POSITIVE
"üì± iPhone 16 Pro: A Refined Flagship Experience,",POSITIVE
Osm product,NEUTRAL
Awesome! Loved it.,POSITIVE
Upgraded From 13 to 16 Pro. Phone is overall amazing!,POSITIVE
King of smartphones,NEUTRAL
"Suberp phone ....
I upgraded from iphone 13 to 16 pro.
Camera - 5‚≠ê
Speed - 5‚≠ê
Battery - 5 ‚≠ê",NEUTRAL
