Review,Sentiment,Score
"Iphone 12 to iphone 16 pro amazing upgrade ‚ù§Ô∏è
I love thie phone
Overall the beast ‚ù§Ô∏è",POSITIVE,0.9939046502113342
"Awesome and superb!
Upgraded from iPhone 12 to 16pro after 4 years. Display is awesome and bigger , the bezel is much slimmer , dedicated camera control feature with swipe feature and changes of exposure is superb and quick. Lighter weight even. Overall an excellent one . Definitely can go for it ü´∂üëçü§ç",POSITIVE,0.9993382096290588
"Loved it best in the market . You should go for it
Thanks",POSITIVE,0.9998525381088257
Perfect genuine product it was my first time ordering such an expensive phone and it came out perfect it been 3months using this phone and it's working perfectly fine in all aspects. It was gift to my husband and he really loved it. Must buy if you are planning to buy apple prod,POSITIVE,0.9998093247413635
Awesome iPhone. Good upgrade from iPhone 13. Love the 4K 120.,POSITIVE,0.9997324347496033
"I was having iPhone XR from 5yrs , i exchanged it with this demon üòà , I got very good exchange bonus and the 16pro is very good for night clicks , 48 mp dslr like pictures, performance is also very good , battery will come around 1 day compare to my old xr mobile.",POSITIVE,0.9989187717437744
Overall best flagship phone in the market..highly recommended,POSITIVE,0.9997599720954895
No words for this phoneüñ§üñ§üñ§üñ§,NEGATIVE,0.9992361068725586
"Awesome colour and good performance. So small and lightweight handy to use after using heavy pro max series , using it feels like a charm. No heating issues like the 15 pro series.",POSITIVE,0.9994397759437561
Best quality in all segment,POSITIVE,0.9997593760490417
Best product i will upgrade from 15 to 16 pro Nice Colour very light weight ü§©,POSITIVE,0.9669677019119263
Elegance meets powerüòç,POSITIVE,0.9998207688331604
Upgraded from iPhone 13 to 16pro. Loved it,POSITIVE,0.9997043013572693
Super and powerful phone. Awesome. Preciously i have used Iphone 14 pro max but this is far way better.,POSITIVE,0.9988957643508911
"üì± iPhone 16 Pro: A Refined Flagship Experience,",POSITIVE,0.9991764426231384
Osm product,NEGATIVE,0.9867383241653442
Awesome! Loved it.,POSITIVE,0.9998818635940552
Upgraded From 13 to 16 Pro. Phone is overall amazing!,POSITIVE,0.9998431205749512
King of smartphones,POSITIVE,0.9981245398521423
"Suberp phone ....
I upgraded from iphone 13 to 16 pro.
Camera - 5‚≠ê
Speed - 5‚≠ê
Battery - 5 ‚≠ê",NEGATIVE,0.9755735993385315
"Iphone 12 to iphone 16 pro amazing upgrade ‚ù§Ô∏è
I love thie phone
Overall the beast ‚ù§Ô∏è",POSITIVE,0.9939046502113342
"Awesome and superb!
Upgraded from iPhone 12 to 16pro after 4 years. Display is awesome and bigger , the bezel is much slimmer , dedicated camera control feature with swipe feature and changes of exposure is superb and quick. Lighter weight even. Overall an excellent one . Definitely can go for it ü´∂üëçü§ç",POSITIVE,0.9993382096290588
"Loved it best in the market . You should go for it
Thanks",POSITIVE,0.9998525381088257
Perfect genuine product it was my first time ordering such an expensive phone and it came out perfect it been 3months using this phone and it's working perfectly fine in all aspects. It was gift to my husband and he really loved it. Must buy if you are planning to buy apple prod,POSITIVE,0.9998093247413635
Awesome iPhone. Good upgrade from iPhone 13. Love the 4K 120.,POSITIVE,0.9997324347496033
"I was having iPhone XR from 5yrs , i exchanged it with this demon üòà , I got very good exchange bonus and the 16pro is very good for night clicks , 48 mp dslr like pictures, performance is also very good , battery will come around 1 day compare to my old xr mobile.",POSITIVE,0.9989187717437744
Overall best flagship phone in the market..highly recommended,POSITIVE,0.9997599720954895
No words for this phoneüñ§üñ§üñ§üñ§,NEGATIVE,0.9992361068725586
"Awesome colour and good performance. So small and lightweight handy to use after using heavy pro max series , using it feels like a charm. No heating issues like the 15 pro series.",POSITIVE,0.9994397759437561
Best quality in all segment,POSITIVE,0.9997593760490417
Best product i will upgrade from 15 to 16 pro Nice Colour very light weight ü§©,POSITIVE,0.9669677019119263
Elegance meets powerüòç,POSITIVE,0.9998207688331604
Upgraded from iPhone 13 to 16pro. Loved it,POSITIVE,0.9997043013572693
Super and powerful phone. Awesome. Preciously i have used Iphone 14 pro max but this is far way better.,POSITIVE,0.9988957643508911
"üì± iPhone 16 Pro: A Refined Flagship Experience,",POSITIVE,0.9991764426231384
Osm product,NEGATIVE,0.9867383241653442
Awesome! Loved it.,POSITIVE,0.9998818635940552
Upgraded From 13 to 16 Pro. Phone is overall amazing!,POSITIVE,0.9998431205749512
King of smartphones,POSITIVE,0.9981245398521423
"Suberp phone ....
I upgraded from iphone 13 to 16 pro.
Camera - 5‚≠ê
Speed - 5‚≠ê
Battery - 5 ‚≠ê",NEGATIVE,0.9755735993385315
